Time,X,Z
0.0,0.034424947637428975,-0.03898467669425477
0.016666666666666666,0.03912734619252004,-0.03796166278435117
0.03333333333333333,0.04213896333720753,-0.038465448992558174
0.05,0.04354825541303623,-0.040211138344098715
0.06666666666666667,0.043395617717180625,-0.04303117987038172
0.08333333333333333,0.04181750415335228,-0.04647101277917355
0.1,0.03897154598618066,-0.04980014275803255
0.11666666666666667,0.0353692799224808,-0.052290424329923486
0.13333333333333333,0.03142068046838433,-0.0536510634771359
0.15,0.02735155051718774,-0.05405046511832451
0.16666666666666666,0.023223520049853827,-0.0540098044333308
0.18333333333333332,0.018988787035566303,-0.053949730113871136
0.2,0.014691916882833889,-0.05400304224419
0.21666666666666667,0.010504956530547815,-0.054202441331486745
0.23333333333333334,0.006439475286748117,-0.05463006342462201
0.25,0.0024075557284072464,-0.05535238247509923
0.26666666666666666,-0.0016504475599489403,-0.056375402767485504
0.2833333333333333,-0.005798429927318062,-0.05759239941765921
0.3,-0.009952368572372356,-0.05887985775802569
0.31666666666666665,-0.013769017888135858,-0.06005825070177742
0.3333333333333333,-0.01664414743258953,-0.06090645812429372
0.35,-0.018095672046785298,-0.061176704128341586
0.36666666666666664,-0.01778271866152627,-0.06067445318852715
0.38333333333333336,-0.015623743317642687,-0.05939289347791104
0.4,-0.011663569944769896,-0.057473698732853636
0.4166666666666667,-0.006096251098607009,-0.05505758902419957
0.43333333333333335,0.0007478430847538552,-0.052266143283130895
0.45,0.008351547513918731,-0.0492187024602775
0.4666666666666667,0.016058482069189615,-0.04606093400771011
0.48333333333333334,0.02328727935662819,-0.04293228209761874
0.49999999999,0.034424947637428975,-0.03898467669425477
