Time,Angle_Deg,Angle_Rad
0.0,8.422663766365739,0.14700321451150858
0.016666666666666666,12.876518986246008,0.2247376525055553
0.03333333333333333,16.51649295379928,0.2882671829262411
0.05,19.34258566902556,0.3375918057735662
0.06666666666666667,21.773728772950747,0.3800232575242154
0.08333333333333333,22.857555589821335,0.39893960400001677
0.1,22.192494133302546,0.3873320918556548
0.11666666666666667,20.24565973159892,0.3533534215548326
0.13333333333333333,17.505088823972216,0.30552143583237723
0.15,14.508196300862718,0.25321579397571625
0.16666666666666666,11.664911448254326,0.20359111172561814
0.18333333333333332,8.975187141345913,0.15664656659914386
0.2,6.298192405821242,0.10992419440568355
0.21666666666666667,3.4769972921594605,0.0606850508311098
0.23333333333333334,0.4131124347075847,0.0072101721665774506
0.25,-2.769937811557385,-0.04834453488716261
0.26666666666666666,-5.857493732960165,-0.10223255155508837
0.2833333333333333,-8.664549846441293,-0.15122492302356963
0.3,-11.055468811151881,-0.19295433110614352
0.31666666666666665,-12.948600311564725,-0.22599570896156804
0.3333333333333333,-14.069145416970017,-0.2455529104679973
0.35,-14.153572141921956,-0.24702643479508424
0.36666666666666664,-13.252084303613508,-0.23129250384991556
0.38333333333333336,-11.507236285560246,-0.2008391609879887
0.4,-9.245697683185004,-0.16136786621558988
0.4166666666666667,-6.906230400728409,-0.12053645939403813
0.43333333333333335,-4.541110898375689,-0.0792573368748534
0.45,-1.9567158829761144,-0.03415113468400126
0.4666666666666667,0.783870244455688,0.013681116674164582
0.48333333333333334,3.680647483919719,0.06423941719964414
0.5,8.422663766365739,0.14700321451150858
0.5166666666666667,12.876518986246008,0.2247376525055553
0.5333333333333333,16.51649295379928,0.2882671829262411
0.55,19.34258566902556,0.3375918057735662
0.5666666666666667,21.773728772950747,0.3800232575242154
0.5833333333333334,22.857555589821335,0.39893960400001677
0.6,22.192494133302546,0.3873320918556548
0.6166666666666667,20.24565973159892,0.3533534215548326
0.6333333333333333,17.505088823972216,0.30552143583237723
0.65,14.508196300862718,0.25321579397571625
0.6666666666666666,11.664911448254326,0.20359111172561814
0.6833333333333333,8.975187141345913,0.15664656659914386
0.7,6.298192405821242,0.10992419440568355
0.7166666666666667,3.4769972921594605,0.0606850508311098
0.7333333333333333,0.4131124347075847,0.0072101721665774506
0.75,-2.769937811557385,-0.04834453488716261
0.7666666666666667,-5.857493732960165,-0.10223255155508837
0.7833333333333333,-8.664549846441293,-0.15122492302356963
0.8,-11.055468811151881,-0.19295433110614352
0.8166666666666667,-12.948600311564725,-0.22599570896156804
0.8333333333333334,-14.069145416970017,-0.2455529104679973
0.85,-14.153572141921956,-0.24702643479508424
0.8666666666666667,-13.252084303613508,-0.23129250384991556
0.8833333333333333,-11.507236285560246,-0.2008391609879887
0.9,-9.245697683185004,-0.16136786621558988
0.9166666666666666,-6.906230400728409,-0.12053645939403813
0.9333333333333333,-4.541110898375689,-0.0792573368748534
0.95,-1.9567158829761144,-0.03415113468400126
0.9666666666666667,0.783870244455688,0.013681116674164582
0.9833333333333333,3.680647483919719,0.06423941719964414
1.0,8.422663766365739,0.14700321451150858
1.0166666666666666,12.876518986246008,0.2247376525055553
1.0333333333333334,16.51649295379928,0.2882671829262411
1.05,19.34258566902556,0.3375918057735662
1.0666666666666667,21.773728772950747,0.3800232575242154
1.0833333333333333,22.857555589821335,0.39893960400001677
1.1,22.192494133302546,0.3873320918556548
1.1166666666666667,20.24565973159892,0.3533534215548326
1.1333333333333333,17.505088823972216,0.30552143583237723
1.15,14.508196300862718,0.25321579397571625
1.1666666666666667,11.664911448254326,0.20359111172561814
1.1833333333333333,8.975187141345913,0.15664656659914386
1.2,6.298192405821242,0.10992419440568355
1.2166666666666666,3.4769972921594605,0.0606850508311098
1.2333333333333334,0.4131124347075847,0.0072101721665774506
1.25,-2.769937811557385,-0.04834453488716261
1.2666666666666666,-5.857493732960165,-0.10223255155508837
1.2833333333333334,-8.664549846441293,-0.15122492302356963
1.3,-11.055468811151881,-0.19295433110614352
1.3166666666666667,-12.948600311564725,-0.22599570896156804
1.3333333333333333,-14.069145416970017,-0.2455529104679973
1.35,-14.153572141921956,-0.24702643479508424
1.3666666666666667,-13.252084303613508,-0.23129250384991556
1.3833333333333333,-11.507236285560246,-0.2008391609879887
1.4,-9.245697683185004,-0.16136786621558988
1.4166666666666667,-6.906230400728409,-0.12053645939403813
1.4333333333333333,-4.541110898375689,-0.0792573368748534
1.45,-1.9567158829761144,-0.03415113468400126
1.4666666666666666,0.783870244455688,0.013681116674164582
1.4833333333333334,3.680647483919719,0.06423941719964414
1.5,8.422663766365739,0.14700321451150858
1.5166666666666666,12.876518986246008,0.2247376525055553
1.5333333333333334,16.51649295379928,0.2882671829262411
1.55,19.34258566902556,0.3375918057735662
1.5666666666666667,21.773728772950747,0.3800232575242154
1.5833333333333333,22.857555589821335,0.39893960400001677
1.6,22.192494133302546,0.3873320918556548
1.6166666666666667,20.24565973159892,0.3533534215548326
1.6333333333333333,17.505088823972216,0.30552143583237723
1.65,14.508196300862718,0.25321579397571625
1.6666666666666667,11.664911448254326,0.20359111172561814
1.6833333333333333,8.975187141345913,0.15664656659914386
1.7,6.298192405821242,0.10992419440568355
1.7166666666666666,3.4769972921594605,0.0606850508311098
1.7333333333333334,0.4131124347075847,0.0072101721665774506
1.75,-2.769937811557385,-0.04834453488716261
1.7666666666666666,-5.857493732960165,-0.10223255155508837
1.7833333333333334,-8.664549846441293,-0.15122492302356963
1.8,-11.055468811151881,-0.19295433110614352
1.8166666666666667,-12.948600311564725,-0.22599570896156804
1.8333333333333333,-14.069145416970017,-0.2455529104679973
1.85,-14.153572141921956,-0.24702643479508424
1.8666666666666667,-13.252084303613508,-0.23129250384991556
1.8833333333333333,-11.507236285560246,-0.2008391609879887
1.9,-9.245697683185004,-0.16136786621558988
1.9166666666666667,-6.906230400728409,-0.12053645939403813
1.9333333333333333,-4.541110898375689,-0.0792573368748534
1.95,-1.9567158829761144,-0.03415113468400126
1.9666666666666666,0.783870244455688,0.013681116674164582
1.9833333333333334,3.680647483919719,0.06423941719964414
2.0,8.422663766365739,0.14700321451150858
2.0166666666666666,12.876518986246008,0.2247376525055553
2.033333333333333,16.51649295379928,0.2882671829262411
2.05,19.34258566902556,0.3375918057735662
2.066666666666667,21.773728772950747,0.3800232575242154
2.0833333333333335,22.857555589821335,0.39893960400001677
2.1,22.192494133302546,0.3873320918556548
2.1166666666666667,20.24565973159892,0.3533534215548326
2.1333333333333333,17.505088823972216,0.30552143583237723
2.15,14.508196300862718,0.25321579397571625
2.1666666666666665,11.664911448254326,0.20359111172561814
2.183333333333333,8.975187141345913,0.15664656659914386
2.2,6.298192405821242,0.10992419440568355
2.216666666666667,3.4769972921594605,0.0606850508311098
2.2333333333333334,0.4131124347075847,0.0072101721665774506
2.25,-2.769937811557385,-0.04834453488716261
2.2666666666666666,-5.857493732960165,-0.10223255155508837
2.283333333333333,-8.664549846441293,-0.15122492302356963
2.3,-11.055468811151881,-0.19295433110614352
2.316666666666667,-12.948600311564725,-0.22599570896156804
2.3333333333333335,-14.069145416970017,-0.2455529104679973
2.35,-14.153572141921956,-0.24702643479508424
2.3666666666666667,-13.252084303613508,-0.23129250384991556
2.3833333333333333,-11.507236285560246,-0.2008391609879887
2.4,-9.245697683185004,-0.16136786621558988
2.4166666666666665,-6.906230400728409,-0.12053645939403813
2.433333333333333,-4.541110898375689,-0.0792573368748534
2.45,-1.9567158829761144,-0.03415113468400126
2.466666666666667,0.783870244455688,0.013681116674164582
2.4833333333333334,3.680647483919719,0.06423941719964414
2.5,8.422663766365739,0.14700321451150858
2.5166666666666666,12.876518986246008,0.2247376525055553
2.533333333333333,16.51649295379928,0.2882671829262411
2.55,19.34258566902556,0.3375918057735662
2.566666666666667,21.773728772950747,0.3800232575242154
2.5833333333333335,22.857555589821335,0.39893960400001677
2.6,22.192494133302546,0.3873320918556548
2.6166666666666667,20.24565973159892,0.3533534215548326
2.6333333333333333,17.505088823972216,0.30552143583237723
2.65,14.508196300862718,0.25321579397571625
2.6666666666666665,11.664911448254326,0.20359111172561814
2.683333333333333,8.975187141345913,0.15664656659914386
2.7,6.298192405821242,0.10992419440568355
2.716666666666667,3.4769972921594605,0.0606850508311098
2.7333333333333334,0.4131124347075847,0.0072101721665774506
2.75,-2.769937811557385,-0.04834453488716261
2.7666666666666666,-5.857493732960165,-0.10223255155508837
2.783333333333333,-8.664549846441293,-0.15122492302356963
2.8,-11.055468811151881,-0.19295433110614352
2.816666666666667,-12.948600311564725,-0.22599570896156804
2.8333333333333335,-14.069145416970017,-0.2455529104679973
2.85,-14.153572141921956,-0.24702643479508424
2.8666666666666667,-13.252084303613508,-0.23129250384991556
2.8833333333333333,-11.507236285560246,-0.2008391609879887
2.9,-9.245697683185004,-0.16136786621558988
2.9166666666666665,-6.906230400728409,-0.12053645939403813
2.933333333333333,-4.541110898375689,-0.0792573368748534
2.95,-1.9567158829761144,-0.03415113468400126
2.966666666666667,0.783870244455688,0.013681116674164582
2.9833333333333334,3.680647483919719,0.06423941719964414
